4,televisor,76622 Ohio Road,Lomas,Ole;
15,cocina,25945 Clove Center,Lomas,Kelvin;
18,televisor,3160 Redwing Parkway,Lomas,Elyssa;
26,mesa,37 Gulseth Crossing,Lomas,Jared;
28,televisor,8274 Hayes Alley,Lomas,Arlette;
33,pava,7 Glendale Alley,Lomas,Ellis;
37,sillon,135 Bobwhite Street,Lomas,Kore;
42,televisor,62447 Kipling Parkway,Lomas,Sinclare;
48,cocina,49466 Garrison Court,Lomas,Averil;
59,sillon,185 Stephen Place,Lomas,Solomon;
61,pava,524 Clemons Plaza,Lomas,Rayshell;
65,televisor,085 Oxford Alley,Lomas,Jesus;
68,silla,4114 Mallard Crossing,Lomas,Kessiah;
72,secarropas,43427 3rd Hill,Lomas,Rosemaria;
78,aire acondicionado,65489 Muir Terrace,Lomas,Cleveland;
83,silla,13 Oneill Park,Lomas,Ivar;
85,secarropas,4748 Washington Center,Lomas,Chalmers;
88,lavarropas,35396 Dunning Street,Lomas,Chris;
93,secarropas,90431 Drewry Terrace,Lomas,Cristobal;
96,cocina,56 Declaration Road,Lomas,Rochette;
98,plancha,14303 Kings Place,Lomas,Lacee;
102,pava,33011 Acker Drive,Lomas,Luis;
105,televisor,9 Petterle Pass,Lomas,Gizela;
107,cocina,9940 Village Green Trail,Lomas,Goldie;
117,lavarropas,68881 Farragut Street,Lomas,Gil;
120,sillon,01780 Sullivan Park,Lomas,Curran;
121,sillon,60750 Mandrake Crossing,Lomas,Earvin;
129,sillon,7663 Butternut Trail,Lomas,Allison;
144,sillon,4 Buena Vista Crossing,Lomas,Josselyn;
149,plancha,0 Waubesa Plaza,Lomas,Ranice;
150,sillon,4 Rockefeller Plaza,Lomas,Jillayne;
153,aire acondicionado,638 Gulseth Alley,Lomas,Iago;
154,secarropas,19 Twin Pines Street,Lomas,Vikki;
159,aire acondicionado,9247 Superior Court,Lomas,Laurette;
163,lavarropas,7587 Anthes Crossing,Lomas,Karil;
164,lavarropas,35 Hanson Circle,Lomas,Noah;
165,mesa,43607 Packers Road,Lomas,Cyndi;
169,televisor,2811 Meadow Vale Lane,Lomas,Vick;
186,sillon,7 Marcy Center,Lomas,Enrichetta;
193,silla,90067 Ramsey Hill,Lomas,Batsheva;
195,silla,1 Forest Dale Parkway,Lomas,Paulie;
202,pava,73 Oakridge Parkway,Lomas,Dedie;
204,pava,674 Kennedy Circle,Lomas,Baird;
209,plancha,451 Randy Circle,Lomas,Gardy;
217,lavarropas,3 Randy Plaza,Lomas,Hadley;
221,aire acondicionado,88 Valley Edge Road,Lomas,Gypsy;
224,pava,9651 Golf Trail,Lomas,Adolph;
234,aire acondicionado,11428 Mesta Center,Lomas,Ransom;
236,mesa,5 Meadow Ridge Trail,Lomas,Cristal;
237,aire acondicionado,0759 Warrior Place,Lomas,Nathanael;
238,pava,86707 Pennsylvania AvenueLomas,Lomas,Joscelin;
241,pava,3 Haas Road,Lomas,Corty;
246,televisor,38587 American Point,Lomas,Trev;
247,sillon,44404 Raven Hill,Lomas,Rouvin;
265,secarropas,720 Rowland Court,Lomas,Ric;
266,sillon,331 Doe Crossing Park,Lomas,Di;
275,plancha,6360 Westport Hill,Lomas,Corny;
276,plancha,229 Oak Valley Circle,Lomas,Alla;
277,aire acondicionado,139 International Place,Lomas,Esmaria;
282,secarropas,5 Reindahl Place,Lomas,Babb;
285,mesa,3910 Commercial Trail,Lomas,Trefor;
287,mesa,6532 Monica Center,Lomas,Gennifer;
295,secarropas,771 Fisk Way,Lomas,Elliot;
296,plancha,25 Moland Alley,Lomas,Mady;
297,silla,7997 Monterey Street,Lomas,Carolin;
309,plancha,839 Alpine Junction,Lomas,Dorelle;
310,silla,8 Doe Crossing Plaza,Lomas,Waiter;
320,sillon,85753 Orin Way,Lomas,Giulietta;
322,pava,6 Birchwood Lane,Lomas,Kittie;
325,secarropas,655 La Follette Place,Lomas,Muffin;
337,cocina,50 Hagan Place,Lomas,Sancho;
351,pava,58 Jenifer Park,Lomas,Adeline;
353,lavarropas,1 John Wall Way,Lomas,Brigitte;
368,pava,2 Delaware Road,Lomas,Zach;
375,pava,353 Pond Crossing,Lomas,Mandy;
399,televisor,981 Thackeray Hill,Lomas,Zeke;
400,lavarropas,9 Shelley Park,Lomas,Yule;
401,aire acondicionado,50 Division Place,Lomas,Noemi;
402,aire acondicionado,44 Lillian Hill,Lomas,Arabella;
412,aire acondicionado,440 Clemons Circle,Lomas,Ginnifer;
417,mesa,561 Morningstar Crossing,Lomas,Sargent;
426,mesa,7 Sutherland Pass,Lomas,Audy;
444,lavarropas,2 Maryland Trail,Lomas,Tanner;
446,pava,3772 Clarendon Trail,Lomas,Ralina;
452,silla,89 Becker Trail,Lomas,Rosy;
459,mesa,5237 Del Sol Junction,Lomas,Wolf;
461,aire acondicionado,473 Mosinee Drive,Lomas,Yardley;
462,sillon,510 Riverside Trail,Lomas,Mervin;
491,sillon,3 Gateway Lane,Lomas,Mathe;
495,cocina,6954 Merry Place,Lomas,Thebault;
496,cocina,47366 Emmet Circle,Lomas,Dennet;
497,secarropas,0352 High Crossing CrossiLomas,Lomas,Chryste;
498,lavarropas,1025 Debra Plaza,Lomas,Rory;
499,aire acondicionado,01443 Dayton Trail,Lomas,Man;
500,aire acondicionado,1171 Lakewood Gardens WayLomas,Lomas,Stephine;
505,cocina,45161 Caliangt Lane,Lomas,Elnar;
517,aire acondicionado,8 Jenna Trail,Lomas,Lanita;
530,pava,88 Anniversary Park,Lomas,Flossie;
537,pava,9627 Bluestem Place,Lomas,Amandy;
541,sillon,13 Stang Drive,Lomas,Juliann;
543,mesa,349 Schiller Alley,Lomas,Derick;
547,cocina,7 Petterle Circle,Lomas,Eloisa;
562,aire acondicionado,9 Saint Paul Plaza,Lomas,Ravi;
567,silla,17 Aberg Park,Lomas,Fannie;
583,plancha,72019 Hovde Park,Lomas,Simmonds;
584,aire acondicionado,4 Clove Drive,Lomas,Jayme;
590,televisor,07 Corry Point,Lomas,Sarina;
594,televisor,35754 Westend Terrace,Lomas,Ainslie;
600,lavarropas,5287 Barnett Point,Lomas,Umberto;
612,cocina,281 Macpherson Lane,Lomas,Dion;
622,secarropas,2 Rigney Court,Lomas,Bay;
625,secarropas,686 Cody Trail,Lomas,Tasha;
626,cocina,41830 Corscot Crossing,Lomas,Kerianne;
635,lavarropas,15019 Helena Way,Lomas,Starr;
636,mesa,318 Mendota Trail,Lomas,Giulio;
668,secarropas,055 Gulseth Way,Lomas,Morly;
682,aire acondicionado,5682 Granby Pass,Lomas,Duky;
684,sillon,88565 3rd Crossing,Lomas,Howard;
689,secarropas,190 Welch Plaza,Lomas,Gabi;
693,lavarropas,8915 Walton Lane,Lomas,Cody;
704,mesa,4 Union Park,Lomas,Colas;
709,mesa,6783 Homewood Drive,Lomas,Adrienne;
712,pava,97 Debra Point,Lomas,Fiona;
714,aire acondicionado,68 Pierstorff Road,Lomas,Marge;
727,televisor,91 Derek Trail,Lomas,Datha;
738,pava,6 Morningstar Junction,Lomas,Fritz;
743,plancha,416 Crescent Oaks Trail,Lomas,Mathilda;
749,mesa,06998 Hazelcrest Point,Lomas,Fran;
765,pava,92 Pond Center,Lomas,Babbie;
771,aire acondicionado,1 Sheridan Plaza,Lomas,Laverna;
772,lavarropas,66 Namekagon Street,Lomas,Bron;
776,silla,54 Northwestern Place,Lomas,Conney;
787,cocina,80 Reinke Hill,Lomas,Audre;
790,pava,0266 Carey Pass,Lomas,Jessie;
798,pava,16897 Carey Pass,Lomas,Idalina;
826,secarropas,6 Moulton Lane,Lomas,Hieronymus;
830,pava,4445 Anderson Center,Lomas,Jorie;
832,mesa,74 Myrtle Pass,Lomas,Katy;
835,secarropas,713 Oak Circle,Lomas,Clara;
838,lavarropas,99 Morningstar Plaza,Lomas,Hillary;
840,televisor,35489 Nobel Park,Lomas,Doe;
844,cocina,821 Sutherland Street,Lomas,Parrnell;
850,pava,908 Meadow Ridge Court,Lomas,Lurette;
852,plancha,48 Harbort Parkway,Lomas,Valera;
853,cocina,5521 Derek Park,Lomas,Devy;
862,pava,324 Mosinee Crossing,Lomas,Page;
869,secarropas,3 Riverside Center,Lomas,Thelma;
883,silla,79 Hudson Plaza,Lomas,Gabbi;
889,lavarropas,3621 Carey Trail,Lomas,Delilah;
891,sillon,837 American Ash Circle,Lomas,Maurits;
895,lavarropas,2828 Park Meadow Alley,Lomas,Harris;
906,mesa,7856 Schiller Avenue,Lomas,Licha;
916,mesa,187 Evergreen Way,Lomas,Marcello;
928,cocina,55310 Lerdahl Street,Lomas,Kalli;
930,cocina,29399 Morningstar TerraceLomas,Lomas,Ruthe;
933,pava,86968 Mayfield Place,Lomas,Daron;
941,secarropas,941 Sage Pass,Lomas,Wenda;
949,cocina,91 Dryden Circle,Lomas,Leeann;
951,lavarropas,37 Golf View Center,Lomas,Alena;
956,silla,469 Oak Plaza,Lomas,Luella;
957,cocina,38 School Place,Lomas,Alfie;
972,lavarropas,824 Kipling Hill,Lomas,Kai;
973,silla,138 Mcguire Avenue,Lomas,Rhona;
978,plancha,7398 John Wall Place,Lomas,Reidar;
980,mesa,897 Upham Terrace,Lomas,Jamill;
991,plancha,4 Nancy Point,Lomas,Enriqueta;
994,aire acondicionado,1447 Village Green Lane,Lomas,Winne;
